Sequence Problem,Next Number,Hint
"2, 4, 6, 8, ...",10,Each term is obtained by adding 2 to the previous term.
"3, 6, 12, 24, ...",48,Each term is obtained by multiplying the previous term by 2.
"1, 4, 9, 16, ...",25,Each term is a perfect square.
"1, 1, 2, 3, 5, 8, ...",13,Each term is obtained by adding the previous two terms (Fibonacci sequence).
"1, 3, 6, 10, 15, ...",21,Each term is obtained by adding the next natural number to the previous term.
"2, 6, 12, 20, ...",30,Each term is obtained by multiplying the next natural number by the previous term.
"1, 2, 4, 8, 16, ...",32,Each term is obtained by multiplying the previous term by 2.
"2, 5, 10, 17, 26, ...",37,Each term is obtained by adding consecutive odd numbers starting from 3.
"1, 4, 9, 16, 25, ...",36,Each term is a perfect square.
"2, 4, 8, 16, 32, ...",64,Each term is obtained by doubling the previous term.
"3, 9, 27, 81, ...",243,Each term is obtained by cubing the previous term.
"2, 7, 17, 37, 77, ...",157,Each term is obtained by doubling the previous term and adding consecutive prime numbers.
"1, 2, 4, 8, 16, ...",32,Each term is obtained by doubling the previous term.
"5, 10, 20, 40, ...",80,Each term is obtained by multiplying the previous term by 2.
"3, 6, 12, 24, 48, ...",96,Each term is obtained by multiplying the previous term by 2.
"4, 8, 16, 32, 64, ...",128,Each term is obtained by doubling the previous term.
"1, 5, 13, 25, 41, ...",61,Each term is obtained by adding consecutive odd numbers starting from 3.
"2, 7, 15, 26, 40, ...",57,Each term is obtained by adding consecutive prime numbers starting from 3.
"2, 6, 12, 20, 30, ...",42,Each term is obtained by multiplying the next natural number by the previous term.
"1, 3, 9, 27, 81, ...",243,Each term is obtained by cubing the previous term.